id,name,category,power_watts,hours_per_day,priority,status
1,AC_1,Cooling,1500,6,1,1
2,AC_2,Cooling,1800,5,1,0
3,AC_3,Cooling,1200,7,1,1
4,AC_4,Cooling,2000,4,2,0
5,AC_5,Cooling,1600,5.5,1,1
6,Fan_1,Cooling,75,8,3,1
7,Fan_2,Cooling,60,10,3,1
8,Fan_3,Cooling,80,7,3,1
9,Fan_4,Cooling,70,6,3,0
10,Fan_5,Cooling,65,9,3,1
11,Refrigerator_1,Kitchen,180,24,1,1
12,Refrigerator_2,Kitchen,200,24,1,1
13,Refrigerator_3,Kitchen,150,24,1,1
14,Refrigerator_4,Kitchen,220,24,1,1
15,Refrigerator_5,Kitchen,170,24,1,1
16,Heater_1,Heating,2000,4,1,1
17,Heater_2,Heating,1500,5,1,0
18,Heater_3,Heating,2500,3,1,1
19,Heater_4,Heating,1800,4,2,0
20,Heater_5,Heating,2200,3.5,1,1
21,TV_1,Entertainment,120,5,4,1
22,TV_2,Entertainment,100,4,4,0
23,TV_3,Entertainment,150,6,4,1
24,TV_4,Entertainment,90,3,4,0
25,TV_5,Entertainment,130,5,4,1
26,Light_1,Lighting,12,8,3,1
27,Light_2,Lighting,15,7,3,1
28,Light_3,Lighting,10,9,3,1
29,Light_4,Lighting,18,6,3,0
30,Light_5,Lighting,20,8,3,1
31,Washing_Machine_1,Laundry,500,1.5,2,0
32,Washing_Machine_2,Laundry,600,2,2,1
33,Washing_Machine_3,Laundry,550,1.5,2,0
34,Washing_Machine_4,Laundry,700,1,2,0
35,Washing_Machine_5,Laundry,650,2,2,1
36,Microwave_1,Kitchen,1200,0.5,2,1
37,Microwave_2,Kitchen,1000,0.75,2,0
38,Microwave_3,Kitchen,1300,0.4,2,1
39,Microwave_4,Kitchen,1100,0.6,2,0
40,Microwave_5,Kitchen,1250,0.5,2,1
41,Computer_1,Computing,250,8,2,1
42,Computer_2,Computing,300,7,2,1
43,Computer_3,Computing,220,6,2,0
44,Computer_4,Computing,350,9,2,1
45,Computer_5,Computing,280,8,2,1
46,Water_Pump_1,Utility,750,2,2,1
47,Water_Pump_2,Utility,1000,1.5,2,0
48,Water_Pump_3,Utility,800,2.5,2,1
49,Water_Pump_4,Utility,600,3,2,0
50,Water_Pump_5,Utility,900,2,2,1
51,Iron_1,Laundry,1000,0.5,3,1
52,Iron_2,Laundry,1200,0.4,3,0
53,Iron_3,Laundry,900,0.6,3,1
54,Iron_4,Laundry,1100,0.5,3,0
55,Iron_5,Laundry,1300,0.3,3,1
56,Kettle_1,Kitchen,1500,0.3,3,1
57,Kettle_2,Kitchen,1800,0.25,3,0
58,Kettle_3,Kitchen,1200,0.4,3,1
59,Kettle_4,Kitchen,1600,0.35,3,0
60,Kettle_5,Kitchen,2000,0.2,3,1
61,Air_Purifier_1,Air_Quality,50,12,3,1
62,Air_Purifier_2,Air_Quality,60,10,3,1
63,Air_Purifier_3,Air_Quality,45,14,3,1
64,Air_Purifier_4,Air_Quality,55,8,3,0
65,Air_Purifier_5,Air_Quality,70,10,3,1
66,Water_Heater_1,Heating,2000,2,1,1
67,Water_Heater_2,Heating,2500,1.5,1,0
68,Water_Heater_3,Heating,1800,2.5,1,1
69,Water_Heater_4,Heating,2200,2,1,0
70,Water_Heater_5,Heating,3000,1.5,1,1
71,Dishwasher_1,Kitchen,1500,1,2,0
72,Dishwasher_2,Kitchen,1800,1.2,2,1
73,Dishwasher_3,Kitchen,1400,1,2,0
74,Dishwasher_4,Kitchen,1600,1.5,2,0
75,Dishwasher_5,Kitchen,2000,1,2,1
76,Printer_1,Office,300,0.5,4,0
77,Printer_2,Office,350,0.4,4,0
78,Printer_3,Office,250,0.6,4,1
79,Printer_4,Office,400,0.3,4,0
80,Printer_5,Office,450,0.5,4,1
81,Vacuum_Cleaner_1,Cleaning,1000,0.5,3,1
82,Vacuum_Cleaner_2,Cleaning,1200,0.4,3,0
83,Vacuum_Cleaner_3,Cleaning,900,0.6,3,1
84,Vacuum_Cleaner_4,Cleaning,1100,0.5,3,0
85,Vacuum_Cleaner_5,Cleaning,1300,0.4,3,1
86,Toaster_1,Kitchen,800,0.3,4,1
87,Toaster_2,Kitchen,900,0.25,4,0
88,Toaster_3,Kitchen,750,0.35,4,1
89,Toaster_4,Kitchen,1000,0.2,4,0
90,Toaster_5,Kitchen,850,0.3,4,1
91,Router_1,Networking,15,24,2,1
92,Router_2,Networking,20,24,2,1
93,Router_3,Networking,12,24,2,1
94,Router_4,Networking,18,24,2,1
95,Router_5,Networking,25,24,2,1
96,EV_Charger_1,Vehicle,3500,2,2,0
97,EV_Charger_2,Vehicle,5000,2.5,2,0
98,EV_Charger_3,Vehicle,7000,1.5,2,0
99,EV_Charger_4,Vehicle,3000,3,2,0
100,EV_Charger_5,Vehicle,4500,2,2,0
